{
  "name": "FAQ  slider",
  "description": "Section for frequently asked questions with expandable answers",
  "settings": {
    "title": {
      "type": "string",
      "label": "Section Title",
      "default": "more_information"
    },
    "show_related_products": {
      "type": "boolean",
      "label": "عرض منتجات مشابة",
      "default": true
    }
  },
  "blocks": {
    "faqItem": {
      "name": "FAQ Item",
      "settings": {
        "question": {
          "type": "string",
          "label": "Question",
          "default": "description"
        },
        "answer": {
          "type": "string",
          "label": "Answer",
          "default": "default_description_text_1"
        }
      }
    }
  },
  "presets": [
    {
      "category": "sliders",
      "name": "FAQ slider",
      "settings": {
        "title": "more_information",
        "show_related_products":true
      },
      "blocks": [
        {
          "block": "faqItem",
          "name": "Description",
          "settings": {
            "question": "description",
            "answer": "default_description_text_1"
          }
        },
        {
          "block": "faqItem",
          "name": "Shipping & Returns",
          "settings": {
            "question": "delivery_and_returns",
            "answer": "delivery_info"
          }
        },
        {
          "block": "faqItem",
          "name": "Contact Us",
          "settings": {
            "question": "contact_us",
            "answer": "contact_info"
          }
        }
      ]
    }
  ]
}