{
  "name": "FAQ  slider",
  "description": "Section for frequently asked questions with expandable answers",
  "settings": {
    "title": {
      "type": "string",
      "label": "Section Title",
      "default": "more_information"
    },
    "title_color": {
      "type": "color",
      "label": "لون العنوان",
      "default": "#1a1a1a"
    },
    "question_color": {
      "type": "color",
      "label": "لون السؤال",
      "default": "#222222"
    },
    "answer_color": {
      "type": "color",
      "label": "لون الإجابة",
      "default": "#23262F"
    },
    "show_related_products": {
      "type": "boolean",
      "label": "عرض منتجات مشابة",
      "default": true
    },
    "card_title_color": {
      "type": "color",
      "label": "لون عنوان الكارد",
      "default": "#000"
    },
    "card_title_size": {
      "type": "number",
      "label": "حجم عنوان الكارد (px)",
      "default": 12
    },
    "card_description_color": {
      "type": "color",
      "label": "لون وصف الكارد",
      "default": "#666666"
    },
    "card_description_size": {
      "type": "number",
      "label": "حجم وصف الكارد (px)",
      "default": 12
    },
    "price_before_color": {
      "type": "color",
      "label": "لون السعر قبل الخصم",
      "default": "#a8a8a8"
    },
    "price_before_size": {
      "type": "number",
      "label": "حجم السعر قبل الخصم (px)",
      "default": 15
    },
    "price_color": {
      "type": "color",
      "label": "لون السعر الحالي",
      "default": "#d97706"
    },
    "price_size": {
      "type": "number",
      "label": "حجم السعر الحالي (px)",
      "default": 18
    },
    "discount_color": {
      "type": "color",
      "label": "لون الخصم",
      "default": "#ef4444"
    },
    "discount_size": {
      "type": "number",
      "label": "حجم الخصم (px)",
      "default": 13
    },
    "buy_button_bg": {
      "type": "color",
      "label": "لون خلفية زر الشراء",
      "default": "#000"
    }
  },
  "blocks": {
    "faqItem": {
      "name": "FAQ Item",
      "settings": {
        "question": {
          "type": "string",
          "label": "Question",
          "default": "description"
        },
        "answer": {
          "type": "string",
          "label": "Answer",
          "default": "default_description_text_1"
        }
      }
    }
  },
  "presets": [
    {
      "category": "sliders",
      "name": "FAQ slider",
      "settings": {
        "title": "more_information",
        "show_related_products":true
      },
      "blocks": [
        {
          "block": "faqItem",
          "name": "Description",
          "settings": {
            "question": "description",
            "answer": "default_description_text_1"
          }
        },
        {
          "block": "faqItem",
          "name": "Shipping & Returns",
          "settings": {
            "question": "delivery_and_returns",
            "answer": "delivery_info"
          }
        },
        {
          "block": "faqItem",
          "name": "Contact Us",
          "settings": {
            "question": "contact_us",
            "answer": "contact_info"
          }
        }
      ]
    }
  ]
}