{
    "title": "Header Group",
    "widgets": [
        {
            "allowDeleted": true,
            "allowEdited": true,
            "name": "Offers Announcement Bar",
            "widget": "offers-announcement",
            "settings": {

                "announcement_link": "#",
                "announcement_alt": "Offers Announcement",
                "enable_marquee": true,
                "marquee_speed": 30,
                "show_separator": true
            }
        },
        {
            "allowDeleted": true,
            "allowEdited": true,
            "name": "header",
            "widget": "header",
            "settings": {}
        }
    ]
}