{
    "title": "Header Group",
    "widgets": [
        {
            "allowDeleted": true,
            "allowEdited": true,
            "name": "Offers Announcement Bar",
            "widget": "offers-announcement",
            "settings": {
                "font_size": 18,
                "height": 48,
                "bg_color": "#00000",
                "text_color": "#fff",
                "show_language": true,
                "allow_touch_move": true,
                "autoplay": true,
                "grab_cursor": true,
                "autoplay_delay": 3000,
                "speed": 900
            },
            "blocks": [
                {
                    "block": "offers_announcement",
                    "name": "offer 1",
                    "settings": {
                        "title": "accescsories"
                    }
                },
                {
                    "block": "offers_announcement",
                    "name": "offer 2",
                    "settings": {
                        "title": "accescsories"
                    }
                },
                {
                    "block": "offers_announcement",
                    "name": "offer 3",
                    "settings": {
                        "title": "accescsories"
                    }
                }
            ]
        },
        {
            "allowDeleted": true,
            "allowEdited": true,
            "name": "header",
            "widget": "header",
            "settings": {}
        }
    ]
}