{
  "name": "service slider",
  "description": "قسم المزايا",
  "settings": {
    "title": {
      "type": "string",
      "label": "عنوان القسم",
      "default": "مزايا الخدمة"
    }
  },
  "blocks": {
    "featureItem": {
      "name": "ميزة",
      "settings": {
        "icon": {
          "type": "media",
          "label": "أيقونة الميزة (صورة)",
          "default": "",
          "description": "ارفع صورة أيقونة بحجم 64x64 تقريباً بخلفية شفافة إن أمكن"
        },
        "icon_class": {
          "type": "string",
          "label": "كلاس الأيقونة (اختياري إذا لم تكن هناك صورة)",
          "default": ""
        },
        "title": {
          "type": "string",
          "label": "عنوان الميزة",
          "default": "ميزة"
        },
        "description": {
          "type": "string",
          "label": "وصف الميزة",
          "default": "وصف مختصر للميزة."
        }
      }
    }
  },
  "presets": [
    {
      "category": "sliders",
      "name": "service slider",
      "blocks": [
        {
          "block": "featureItem",
          "name": "feature 1",
          "settings": {
            "icon": "qumra://service1.png",
            "icon_class": "",
            "title": "service_feature_1_title",
            "description": "service_feature_1_desc"
          }
        },
        {
          "block": "featureItem",
          "name": "feature 2",
          "settings": {
            "icon": "qumra://service2.png",
            "icon_class": "",
            "title": "service_feature_2_title",
            "description": "service_feature_2_desc"
          }
        },
        {
          "block": "featureItem",
          "name": "feature 3",
          "settings": {
            "icon": "qumra://service3.png",
            "icon_class": "",
            "title": "service_feature_3_title",
            "description": "service_feature_3_desc"
          }
        },
        {
          "block": "featureItem",
          "name": "feature 4",
          "settings": {
            "icon": "qumra://service4.png",
            "icon_class": "",
            "title": "service_feature_4_title",
            "description": "service_feature_4_desc"
          }
        }
      ]
    }
  ]
}


