{
  "name": "Product Reviews",
  "description": "Product reviews section with star ratings and customer feedback",
  "settings": {
    "title": {
      "type": "string",
      "label": "Section Title",
      "default": "reviews_and_ratings"
    },
    "title_color": {
      "type": "color",
      "label": "Title Color",
      "default": "#000000"
    },
    "rating_color": {
      "type": "color",
      "label": "Rating Number Color",
      "default": "#030317"
    },
    "customer_name_color": {
      "type": "color",
      "label": "Customer Name Color",
      "default": "#222222"
    },
    "review_text_color": {
      "type": "color",
      "label": "Review Description Color",
      "default": "#23262F"
    },
    "review_image_size": {
      "type": "range",
      "label": "Customer Review Image Height (px)",
      "min": 0,
      "max": 200,
      "default": 114
    },
    "stars_color": {
      "type": "color",
      "label": "Stars Color",
      "default": "#EBB11F"
    }
  },
  "presets": [
    {
      "category": "Home",
      "name": "Product Reviews",
      "settings": {
        "title": "reviews_and_ratings"
      }
    }
  ]
}