{
  "name": "Product Reviews",
  "description": "Product reviews section with star ratings and customer feedback",
  "settings": {
    "title": {
      "type": "string",
      "label": "Section Title",
      "default": "reviews_and_ratings"
    },
    "rating": {
      "type": "number",
      "label": "Average Rating",
      "default": 4.5
    },
    "totalReviews": {
      "type": "number",
      "label": "Total Reviews",
      "default": 30
    }
  },
  "blocks": {
    "reviewItem": {
      "name": "Review Item",
      "settings": {
        "name": {
          "type": "text",
          "label": "Customer Name",
          "default": "review_1_name"
        },
        "stars": {
          "type": "number",
          "label": "Stars",
          "default": 5,
          "min": 1,
          "max": 5
        },
        "image":{
          "type": "media",
          "label": "صورة التقيم"
        },
        "review": {
          "type": "textarea",
          "label": "Review Text",
          "default": "review_1_text"
        }
      }
    },
    "starsRating": {
      "name": "Stars Rating",
      "settings": {
        "stars": {
          "type": "number",
          "label": "Stars",
          "min": 1,
          "max": 5
        }
      }
    }
  },
  "presets": [
    {
      "category": "Home",
      "name": "Product Reviews",
      "settings": {
        "title": "reviews_and_ratings",
        "rating": 4.5,
        "totalReviews": 30
      },
      "blocks": [
        {
          "block": "reviewItem",
          "name": "First Review",
          "settings": {
            "name": "review_1_name",
            "stars": 5,
            "image":"qumra://card6.jpg",
            "review": "review_1_text"
          }
        },
        {
          "block": "reviewItem",
          "name": "First Review",
          "settings": {
            "name": "review_1_name",
            "stars": 5,
            "image":"qumra://card7.jpg",
            "review": "review_1_text"
          }
        },
        {
          "block": "starsRating",
          "name": "First Rating",
          "settings": {
            "stars": 5
          }
        },
        {
          "block": "starsRating",
          "name": "First Rating",
          "settings": {
            "stars": 5
          }
        },
        {
          "block": "starsRating",
          "name": "First Rating",
          "settings": {
            "stars": 4
          }
        },
        {
          "block": "starsRating",
          "name": "First Rating",
          "settings": {
            "stars": 3
          }
        }
        
      ]
    }
  ]
}