{
  "name": "top bar",
  "description": "الشريط العلوي البسيط الذي يظهر أعلى الهيدر",
  "settings": {
    "show_top_bar": {
      "type": "checkbox",
      "label": "إظهار الشريط العلوي",
      "default": true,
      "description": "إظهار أو إخفاء الشريط العلوي بالكامل"
    },
    "location": {
      "type": "string",
      "label": "المدينة/الموقع",
      "default": "اللغة",
      "description": "اسم المدينة أو الموقع الذي يظهر في الشريط العلوي"
    },
    "markets": {
      "type": "array",
      "label": "الاسواق",
      "default": [
        { "title": "مصر", "value": "egypt" },
        { "title": "السعودية", "value": "saudi" }
      ],
      "description": "قائمة الأسواق التي تظهر في الشريط العلوي"
    },
    "brands_text": {
      "type": "string",
      "label": "نص العلامات التجارية",
      "default": "brands_counter",
      "description": "النص الذي يظهر لعدد العلامات التجارية في الشريط العلوي"
    },
    "english_text": {
      "type": "string",
      "label": "نص اللغة الإنجليزية",
      "default": "english",
      "description": "النص الذي يظهر على زر اللغة الإنجليزية في الشريط العلوي"
    },
    "arabic_text": {
      "type": "string",
      "label": "نص اللغة العربية",
      "default": "arabic",
      "description": "النص الذي يظهر على زر اللغة العربية في الشريط العلوي"
    },
    "font_size": {
      "type": "select",
      "label": "حجم الخط",
      "options": [
        {
          "value": "text-xs",
          "label": "صغير جداً (12px)"
        },
        {
          "value": "text-sm",
          "label": "صغير (14px)"
        },
        {
          "value": "text-base",
          "label": "متوسط (16px)"
        },
        {
          "value": "text-lg",
          "label": "كبير (18px)"
        },
        {
          "value": "text-xl",
          "label": "أكبر (20px)"
        }
      ],
      "default": "text-sm",
      "description": "حجم الخط المستخدم في الشريط العلوي"
    },
    "padding_y": {
      "type": "select",
      "label": "المسافة العمودية",
      "options": [
        {
          "value": "py-1",
          "label": "صغير (4px)"
        },
        {
          "value": "py-2",
          "label": "متوسط (8px)"
        },
        {
          "value": "py-3",
          "label": "كبير (12px)"
        },
        {
          "value": "py-4",
          "label": "أكبر (16px)"
        }
      ],
      "default": "py-2",
      "description": "المسافة العمودية داخل الشريط"
    }
  },
  "presets": [
    {
      "category": "banners",
      "name": "top bar"
    }
  ]
}