{
  "name": "offers slider",
  "description": "سلايدر العروض",
  "settings": {
    "products_collection": {
      "type": "collection",
      "label": "القسم المعروض",
      "default": "home-page"
    },
    "section_title": {
      "type": "string",
      "label": "عنوان القسم",
      "default": "العروض"
    },
    "view_all_link": {
      "type": "string",
      "label": "رابط عرض الكل"
    }
  },
  "presets": [
    {
      "category": "sliders",
      "name": "offers"
    }
  ]
}