{
  "name": "features slider",
  "description": "شريط المميزات الذي يضهر أسفل الهيدر مباشرة",
  "settings": {
    "use_container": {
      "type": "checkbox",
      "label": "استخدام الحاوية (Container)",
      "default": true,
      "description": "جعل محتوى الشريط محصورًا في حاوية بعرض محدد"
    },
    "background_color": {
      "type": "color",
      "label": "لون الخلفية",
      "default": "#f3f4f6",
      "description": "لون خلفية الشريط"
    },
    "text_color": {
      "type": "color",
      "label": "لون النص",
      "default": "#1f2937",
      "description": "لون النص والأيقونات"
    },
    "border_color": {
      "type": "color",
      "label": "لون الحدود",
      "default": "#e5e7eb",
      "description": "لون الحدود السفلية"
    },
    "show_border": {
      "type": "checkbox",
      "label": "إظهار الحدود",
      "default": true,
      "description": "إظهار أو إخفاء الحدود السفلية"
    },
    "padding_y": {
      "type": "select",
      "label": "المسافة العمودية",
      "options": [
        {
          "value": "py-1",
          "label": "صغير (4px)"
        },
        {
          "value": "py-2",
          "label": "متوسط (8px)"
        },
        {
          "value": "py-3",
          "label": "كبير (12px)"
        },
        {
          "value": "py-4",
          "label": "أكبر (16px)"
        }
      ],
      "default": "py-2",
      "description": "المسافة العمودية للشريط"
    },
    "layout": {
      "type": "select",
      "label": "تخطيط العناصر",
      "options": [
        {
          "value": "grid-cols-2",
          "label": "عمودين في الموبايل"
        },
        {
          "value": "grid-cols-3",
          "label": "ثلاثة أعمدة في الموبايل"
        },
        {
          "value": "grid-cols-4",
          "label": "أربعة أعمدة في الموبايل"
        }
      ],
      "default": "grid-cols-2",
      "description": "عدد الأعمدة في الموبايل"
    },
    "alignment": {
      "type": "select",
      "label": "محاذاة العناصر",
      "options": [
        {
          "value": "justify-center",
          "label": "وسط"
        },
        {
          "value": "justify-start",
          "label": "يسار"
        },
        {
          "value": "justify-end",
          "label": "يمين"
        },
        {
          "value": "justify-between",
          "label": "توزيع متساوي"
        }
      ],
      "default": "justify-center",
      "description": "محاذاة العناصر داخل الشريط"
    }
  },
  "blocks": {
    "featureItem": {
      "name": "ميزة",
      "settings": {
        "icon": {
          "type": "text",
          "label": "أيقونة الميزة",
          "default": "<i class='ph-light ph-package'></i>",
          "description": "أيقونة الميزة (HTML)"
        },
        "title": {
          "type": "string",
          "label": "عنوان الميزة",
          "default": "feature_bar_free_shipping",
          "description": "عنوان الميزة (يستخدم كمفتاح ترجمة)"
        }
      }
    },
    "announcementItem": {
      "name": "إعلان",
      "settings": {
        "icon": {
          "type": "text",
          "label": "أيقونة الإعلان",
          "default": "<i class='ph-light ph-package'></i>",
          "description": "أيقونة الإعلان (HTML)"
        },
        "announcement_text": {
          "type": "string",
          "label": "نص الإعلان",
          "default": "feature_bar_announcement",
          "description": "نص الإعلان (يستخدم كمفتاح ترجمة)"
        },
        "announcement_link": {
          "type": "string",
          "label": "رابط الإعلان",
          "default": "#",
          "description": "الرابط عند الضغط على الإعلان"
        },
        "text_color": {
          "type": "color",
          "label": "لون النص",
          "default": "#ffffff",
          "description": "لون نص هذا الإعلان"
        },
        "background_color": {
          "type": "color",
          "label": "لون الخلفية",
          "default": "",
          "description": "لون خلفية هذا الإعلان (اختياري)"
        }
      }
    }
  },
  "presets": [
    {
      "category": "sliders",
      "name": "features slider",
      "blocks": [
        {
          "block": "featureItem",
          "name": "feature 1",
          "settings": {
            "icon": "<i class='ph-light ph-package'></i>",
            "title": "feature_bar_free_shipping"
          }
        },
        {
          "block": "featureItem",
          "name": "feature 2",
          "settings": {
            "icon": "<i class='ph-light ph-thumbs-up'></i>",
            "title": "feature_bar_eco_friendly"
          }
        },
        {
          "block": "featureItem",
          "name": "feature 3",
          "settings": {
            "icon": "<i class='ph-light ph-star'></i>",
            "title": "feature_bar_high_rating"
          }
        },
        {
          "block": "featureItem",
          "name": "feature 4",
          "settings": {
            "icon": "<i class='ph-light ph-leaf'></i>",
            "title": "feature_bar_high_quality"
          }
        }
      ]
    }
  ]
}
