{
  "name": "features slider",
  "description": "شريط المميزات الذي يضهر أسفل الهيدر مباشرة",
  "settings": {
    "use_container": {
      "type": "checkbox",
      "label": "استخدام الحاوية (Container)",
      "default": false,
      "description": "جعل محتوى الشريط محصورًا في حاوية بعرض محدد"
    },
    "bg_color": {
      "type": "color",
      "label": "لون الخلفية",
      "default": "#f3f4f6",
      "description": "لون خلفية الشريط"
    },
    "text_color": {
      "type": "color",
      "label": "لون النص",
      "default": "#1f2937",
      "description": "لون النص والأيقونات"
    },
    "border_color": {
      "type": "color",
      "label": "لون الحدود",
      "default": "#e5e7eb",
      "description": "لون الحدود السفلية"
    },
    "show_border": {
      "type": "checkbox",
      "label": "إظهار الحدود",
      "default": true,
      "description": "إظهار أو إخفاء الحدود السفلية"
    },
    "padding_vh": {
      "type": "number",
      "label": "المسافة العمودية",
      "default": 16,
      "description": "المسافة العمودية للشريط"
    },
    "item_number": {
      "type": "number",
      "label": "عدد العناصر الظاهرة",
      "default": 8,
      "description": "تحديد عدد المميزات أو العناصر التي تظهر في الشريط بشكل أفقي في نفس الوقت"
    },
    "slider_speed": {
      "type": "number",
      "label": "سرعة السلايدر (ms)",
      "default": 5000,
      "description": "الزمن بالميلي ثانية لتحكم في سرعة الإنيميشن (كلما قل الرقم كان التحريك أسرع)"
    },
    "slider_delay": {
      "type": "number",
      "label": "تشغيل تلقائي",
      "default": 1,
      "description": "الزمن بالميلي ثانية بين كل تحريك تلقائي للسلايدر (إذا كان 0 يتم تعطيل التشغيل التلقائي)"
    },
    "slider_free_mode": {
      "type": "boolean",
      "label": "الوضع الحر للسلايدر",
      "default": true,
      "description": "تفعيل أو تعطيل إمكانية تمرير السلايدر بحرية بدون توقف عند العنصر التالي"
    },
    "slider_loop": {
      "type": "boolean",
      "label": "تكرار السلايدر",
      "default": true,
      "description": "تفعيل أو تعطيل تكرار حركة السلايدر بشكل مستمر"
    },
    "slider_pause_on_hover": {
      "type": "boolean",
      "label": "إيقاف مؤقت عند المرور",
      "default": false,
      "description": "إيقاف حركة الشريط مؤقتًا عند مرور الفأرة فوقه"
    },
    "slider_reverse_direction": {
      "type": "boolean",
      "label": "عكس اتجاه السلايدر",
      "default": false,
      "description": "عكس اتجاه حركة السلايدر (افتراضي: يمين لليسار)"
    },
    "slider_space_between": {
      "type": "number",
      "label": "المسافة بين العناصر (px)",
      "default": 78,
      "description": "المسافة الأفقية بين كل ميزة والتي تليها"
    }
  },
  "blocks": {
    "featureItem": {
      "name": "ميزة",
      "settings": {
        "icon": {
          "type": "text",
          "label": "أيقونة الميزة",
          "default": "<i class='ph-light ph-package'></i>",
          "description": "أيقونة الميزة (HTML)"
        },
        "title": {
          "type": "string",
          "label": "عنوان الميزة",
          "default": "feature_bar_free_shipping",
          "description": "عنوان الميزة (يستخدم كمفتاح ترجمة)"
        }
      }
    }
  },
  "presets": [
    {
      "category": "sliders",
      "name": "features slider",
      "blocks": [
        {
          "block": "featureItem",
          "name": "feature 1",
          "settings": {
            "icon": "<i class='ph-light ph-package'></i>",
            "title": "feature_bar_free_shipping"
          }
        },
        {
          "block": "featureItem",
          "name": "feature 2",
          "settings": {
            "icon": "<i class='ph-light ph-thumbs-up'></i>",
            "title": "feature_bar_eco_friendly"
          }
        },
        {
          "block": "featureItem",
          "name": "feature 3",
          "settings": {
            "icon": "<i class='ph-light ph-star'></i>",
            "title": "feature_bar_high_rating"
          }
        },
        {
          "block": "featureItem",
          "name": "feature 4",
          "settings": {
            "icon": "<i class='ph-light ph-leaf'></i>",
            "title": "feature_bar_high_quality"
          }
        }
      ]
    }
  ]
}
