{
    "name": "Hero Banner",
    "description": "قسم البانر الرئيسي الذي يحتوي على عنوان وصورة وزر",
    "settings":{
      "card_title_color": {
        "type": "color",
        "label": "لون عنوان الكارد",
        "default": "#000"
      },
      "card_title_size": {
        "type": "number",
        "label": "حجم عنوان الكارد (px)",
        "default": 14
      },
      "card_description_color": {
        "type": "color",
        "label": "لون وصف الكارد",
        "default": "#666666"
      },
      "card_description_size": {
        "type": "number",
        "label": "حجم وصف الكارد (px)",
        "default": 12
      },
      "price_before_color": {
        "type": "color",
        "label": "لون السعر قبل الخصم",
        "default": "#a8a8a8"
      },
      "price_before_size": {
        "type": "number",
        "label": "حجم السعر قبل الخصم (px)",
        "default": 15
      },
      "price_color": {
        "type": "color",
        "label": "لون السعر الحالي",
        "default": "#d97706"
      },
      "price_size": {
        "type": "number",
        "label": "حجم السعر الحالي (px)",
        "default": 18
      },
      "discount_color": {
        "type": "color",
        "label": "لون الخصم",
        "default": "#ef4444"
      },
      "discount_size": {
        "type": "number",
        "label": "حجم الخصم (px)",
        "default": 13
      },
      "buy_button_bg": {
        "type": "color",
        "label": "لون خلفية زر الشراء",
        "default": "#000"
      },
      "cards_per_row_mobile": {
        "type": "number",
        "label": "عدد الكروت في الصف (شاشة صغيرة)",
        "default": 2,
        "min": 1,
        "max": 2
      },
      "cards_per_row_tablet": {
        "type": "number",
        "label": "عدد الكروت في الصف (شاشة متوسطة)",
        "default": 3,
        "min": 1,
        "max": 6
      },
      "cards_per_row_desktop": {
        "type": "number",
        "label": "عدد الكروت في الصف (شاشة كبيرة)",
        "default": 4,
        "min": 1,
        "max": 8
      }
    }
  }