{
  "title": "product details",
  "name": "product-details",
  "settings": {
    "title_font_size": {
      "type": "number",
      "label": "حجم عنوان البانر",
      "default": 32,
      "min": 12,
      "max": 120
    },
    "title_color": {
      "type": "color",
      "label": "لون عنوان البانر",
      "default": "#111111"
    },
    "desc_font_size": {
      "type": "number",
      "label": "حجم وصف البانر",
      "default": 14,
      "min": 8,
      "max": 80
    },
    "desc_color": {
      "type": "color",
      "label": "لون وصف البانر",
      "default": "#666666"
    },

    "price_color": {
      "type": "color",
      "label": "لون السعر",
      "default": "#000000"
    },
    "old_price_color": {
      "type": "color",
      "label": "لون السعر قبل الخصم",
      "default": "#666666"
    },
    "option_selected_bg": {
      "type": "color",
      "label": "لون خلفية الخيار المحدد",
      "default": "#EBEBEB"
    },
    "option_unselected_bg": {
      "type": "color",
      "label": "لون خلفية الخيار غير المحدد",
      "default": "#F7F7F7"
    },
    "option_selected_text": {
      "type": "color",
      "label": "لون نص الخيار المحدد",
      "default": "#000"
    },
    "option_unselected_text": {
      "type": "color",
      "label": "لون نص الخيار غير المحدد",
      "default": "#8C8C8C"
    },
    "option_border_color": {
      "type": "color",
      "label": "لون إطار الخيار",
      "default": "#E5E7EB"
    },
    "option_border_show": {
      "type": "checkbox",
      "label": "إظهار إطار الخيار",
      "default": true
    },
    "buy_button_text": {
      "type": "string",
      "label": "نص زر الشراء",
      "default": "buy_now"
    },
    "buy_button_bg": {
      "type": "color",
      "label": "لون خلفية زر الشراء",
      "default": "#fff"
    },
    "buy_button_border": {
      "type": "color",
      "label": "لون حدود زر الشراء",
      "default": "#000"
    },
    "buy_button_text_color": {
      "type": "color",
      "label": "لون نص زر الشراء",
      "default": "#000"
    },
    "main_section_padding": {
      "type": "range",
      "label": "المسافة الرئيسية (Padding)",
      "min": 0,
      "max": 100,
      "default": 24
    },
    "add_to_cart_bg": {
      "type": "color",
      "label": "لون خلفية زر الإضافة للسلة",
      "default": "#000"
    },
    "add_to_cart_text_color": {
      "type": "color",
      "label": "لون نص زر الإضافة للسلة",
      "default": "#FFFFFF"
    },
    "add_to_cart_margin_top": {
      "type": "range",
      "label": "المسافة العلوية لزر الإضافة للسلة",
      "min": 0,
      "max": 60,
      "default": 16
    },
    "quantity_buttons_color": {
      "type": "color",
      "label": "لون أزرار التحكم في الكمية",
      "default": "#003033"
    },
    "features_title_color": {
      "type": "color",
      "label": "لون نص مميزات المنتج",
      "default": "#0000"
    },
    "features_bg_color": {
      "type": "color",
      "label": "لون خلفية كرت ميزة المنتج",
      "default": "#FFFFFF"
    },
   
    "image_aspect_ratio": {
      "type": "range",
      "label": "نسبة حجم الصورة (Aspect Ratio)",
      "min": 20,
      "max": 100,
      "step": 1,
      "default": 60
    },
    "additional_title_color": {
      "type": "color",
      "label": "لون نص Additional Info",
      "default": "#000"
    }
  },
  "blocks": {
    "productDetails": {
      "name": "مميزات عامة",
      "settings": {
        "title": {
          "type": "string",
          "label": "نص الميزة",
          "default": ""
        },
        "icon": {
          "type": "media",
          "label": "ايقونة الميزة"
        }
      }
    },
    "productFeatures": {
      "name": "مميزات المنتج",
      "settings": {
        "title": {
          "type": "string",
          "label": "نص الميزة"
        },
        "image": {
          "type": "media",
          "label": "ايقونة الميزة",
          "default": ""
        }
      }
    }
  },
  "presets": [
    {
      "category": "Pages",
      "name": "product details",
      "settings": {
      },
      "blocks": [
        {
          "block": "productFeatures",
          "name": "future 1",
          "settings": {
            "title": "secure_payments_100",
            "image": "qumra://star.png"
          }
        },
        {
          "block": "productFeatures",
          "name": "future 1",
          "settings": {
            "title": "free_shipping_compensation",
            "image": "qumra://star.png"
          }
        },
        {
          "block": "productFeatures",
          "name": "future 3",
          "settings": {
            "title": "free_returns",
            "image": "qumra://star.png"
          }
        },
        {
          "block": "productFeatures",
          "name": "future 4",
          "settings": {
            "title": "fast_global_shipping",
            "image": "qumra://Review1.png"
          }
        },
        {
          "block": "productDetails",
          "name": "future 1",
          "settings": {
            "title": "free_shipping",
            "icon": "qumra://ok.png"
          }
        },
        {
          "block": "productDetails",
          "name": "future 2",
          "settings": {
            "title": "secure_payment",
            "icon": "qumra://ok.png"
          }
        }
      ]
    }
  ]
}