{
  "title": "product details",
  "name": "product-details",
  "blocks": {
    "productDetails": {
      "name": "مميزات عامة",
      "settings": {
        "title": {
          "type": "string",
          "label": "نص الميزة",
          "default": ""
        }
      }
    },
    "productFeatures": {
      "name": "مميزات المنتج",
      "settings": {
        "title": {
          "type": "string",
          "label": "نص الميزة"
        },
        "image": {
          "type": "media",
          "label": "ايقونة الميزة",
          "default": ""
        }
      }
    }
  },
  "presets": [
    {
      "category": "Pages",
      "name": "product details",
      "settings": {
      },
      "blocks": [
        {
          "block": "productFeatures",
          "name": "future 1",
          "settings": {
            "title": "secure_payments_100",
            "image": "qumra://star.png"
          }
        },
        {
          "block": "productFeatures",
          "name": "future 1",
          "settings": {
            "title": "free_shipping_compensation",
            "image": "qumra://star.png"
          }
        },
        {
          "block": "productFeatures",
          "name": "future 3",
          "settings": {
            "title": "free_returns",
            "image": "qumra://star.png"
          }
        },
        {
          "block": "productFeatures",
          "name": "future 4",
          "settings": {
            "title": "fast_global_shipping",
            "image": "qumra://Review1.png"
          }
        },
        {
          "block": "productDetails",
          "name": "future 1",
          "settings": {
            "title": "free_shipping"
          }
        },
        {
          "block": "productDetails",
          "name": "future 2",
          "settings": {
            "title": "secure_payment"
          }
        }
      ]
    }
  ]
}