{
  "name": "special slider",
  "description": "قسم العروض والخصومات الحصرية",
  "settings": {
    "section_title": {
      "type": "string",
      "label": "عنوان القسم",
      "default": "features_section",
      "description": "العنوان الذي يظهر أعلى سكشن المميزات"
    },
    "view_all_link": {
      "type": "string",
      "label": "رابط عرض الكل",
      "default": "#"
    },
    "default_image": {
      "type": "media",
      "label": "الصورة الافتراضية",
      "default": "qumra://Frame 427322188.png",
      "description": "الصورة التي تظهر عند عدم وجود صور للمجموعات"
    },
    "show_default_image": {
      "type": "boolean",
      "label": "إظهار الصورة الافتراضية",
      "default": true,
      "description": "عرض الصورة الافتراضية للمجموعات التي لا تحتوي على صور"
    }
  },
  "blocks": {
    "offerItem": {
      "name": "عرض",
      "settings": {
        "image": {
          "type": "media",
          "label": "صورة العرض",
          "default": "qumra://Frame 427322188.png",
          "description": "الصوره بحجم 600*400 بيكسل "
        },
        "link": {
          "type": "string",
          "label": "رابط العرض",
          "default": "#"
        },
        "alt": {
          "type": "string",
          "label": "النص البديل للصورة",
          "default": "display",
          "description": "النص البديل الذي يظهر لو تعذر تحميل الصورة"
        },
        "title": {
          "type": "string",
          "label": "عنوان العرض (اختياري)",
          "default": ""
        },
        "description": {
          "type": "string",
          "label": "وصف العرض (اختياري)",
          "default": ""
        }
      }
    }
  },
  "presets": [
    {
      "category": "sliders",
      "name": "special slider",
      "blocks": [
        {
          "block": "offerItem",
          "name": "special 1",
          "settings": {
            "image": "qumra://special.png",
            "link": "#",
            "title": "upper_clothing",
            "description": ""
          }
        },
        {
          "block": "offerItem",
          "name": "special 1",
          "settings": {
            "image": "qumra://two.png",
            "link": "#",
            "title": "lower_clothing",
            "description": ""
          }
        },
        {
          "block": "offerItem",
          "name": "special 3",
          "settings": {
            "image": "qumra://three.png",
            "link": "#",
            "title": "accessories",
            "description": ""
          }
        }
      ]
    }
  ]
}