{
  "name": "special slider",
  "description": "قسم العروض والخصومات الحصرية",
  "settings": {
    "section_title": {
      "type": "string",
      "label": "عنوان القسم",
      "default": "features_section",
      "description": "العنوان الذي يظهر أعلى سكشن المميزات"
    },
    "view_all_link": {
      "type": "string",
      "label": "رابط عرض الكل",
      "default": "#000"
    },  
      "title_color": {
        "type": "color",
        "label": "لون العنوان ",
        "default": "#000"
      },
      "special_name_color": {
        "type": "color",
        "label": "لون اسم العرض",
        "default": "#1c1c1c"
      },
      "special_name_size": {
        "type": "number",
        "label": "حجم اسم العرض",
        "default": 18
      },
      "special_description_color": {
        "type": "color",
        "label": "لون وصف العرض",
        "default": "#6b7280"
      },
      "special_description_size": {
        "type": "number",
        "label": "حجم وصف العرض",
        "default": 14
      },
    "show_view_all": {
      "type": "boolean",
      "label": "عرض زر عرض الكل",
      "default": true
    },
    "link_color": {
      "type": "color",
      "label": "لون رابط عرض الكل",
      "default": "#000"
    },
    "show_navigation": {
      "type": "boolean",
      "label": "إظهار أزرار التنقل",
      "default": true
    },
    "allow_touch_move": {
      "type": "boolean",
      "label": "السماح بالسحب على الشاشات اللمسية",
      "default": true,
      "description": "قم بتفعيل هذا الخيار للسماح للمستخدمين بتحريك السلايدر بالسحب على الشاشات اللمسية."
    },
    "autoplay": {
      "type": "boolean",
      "label": "تشغيل تلقائي",
      "default": true
    },
    "loop": {
      "type": "boolean",
      "label": "تكرار السلايدر تلقائيًا (loop)",
      "default": true
    },
    "grab_cursor": {
      "type": "boolean",
      "label": "تفعيل السحب بالماوس (grab cursor)",
      "default": true
    },
    "autoplay_delay": {
      "type": "number",
      "label": "تأخير التشغيل التلقائي (ms)",
      "default": 3000
    },
    "speed": {
      "type": "number",
      "label": "سرعة السلايدر (ms)",
      "default": 900
    },
    "slides_per_view_sm": {
      "type": "number",
      "label": "عدد العناصر المعروضة (شاشة صغيرة)",
      "default": 1.5
    },
    "space_between_sm": {
      "type": "number",
      "label": "المسافة بين العناصر (شاشة صغيرة)",
      "default": 8
    },
    "slides_per_view_md": {
      "type": "number",
      "label": "عدد العناصر المعروضة (شاشة متوسطة)",
      "default": 2
    },
    "space_between_md": {
      "type": "number",
      "label": "المسافة بين العناصر (شاشة متوسطة)",
      "default": 8
    },
    "slides_per_view_lg": {
      "type": "number",
      "label": "عدد العناصر المعروضة (شاشة كبيرة)",
      "default": 4
    },
    "space_between_lg": {
      "type": "number",
      "label": "المسافة بين العناصر (شاشة كبيرة)",
      "default": 16
    }
  },
  "blocks": {
    "offerItem": {
      "name": "عرض",
      "settings": {
        "image": {
          "type": "media",
          "label": "صورة العرض",
          "default": "qumra://Frame 427322188.png",
          "description": "الصوره بحجم 600*400 بيكسل "
        },
        "link": {
          "type": "string",
          "label": "رابط العرض",
          "default": "#"
        },
       
        "title": {
          "type": "string",
          "label": "عنوان العرض (اختياري)",
          "default": ""
        },
        "description": {
          "type": "text",
          "label": "وصف العرض (اختياري)",
          "default": ""
        }
      }
    }
  },
  "presets": [
    {
      "category": "sliders",
      "name": "special slider",
      "blocks": [
        {
          "block": "offerItem",
          "name": "special 1",
          "settings": {
            "image": "qumra://special1.png",
            "link": "#",
            "title": "upper_clothing",
            "description": ""
          }
        },
        {
          "block": "offerItem",
          "name": "special 1",
          "settings": {
            "image": "qumra://special2.png",
            "link": "#",
            "title": "lower_clothing",
            "description": ""
          }
        },
        {
          "block": "offerItem",
          "name": "special 3",
          "settings": {
            "image": "qumra://special3.png",
            "link": "#",
            "title": "accessories",
            "description": ""
          }
        }
      ]
    }
  ]
}