{
  "name": "banner photo with title",
  "description": "بانر قابل للتخصيص مع نص وصورة وزر",
  "settings": {
    "title": {
      "type": "string",
      "label": "العنوان الرئيسي",
      "default": "spring_has_arrived"
    },
    "subtitle": {
      "type": "text",
      "label": "النص الفرعي",
      "default": "change_your_look"
    },
    "button_text": {
      "type": "string",
      "label": "نص الزر",
      "default": "order_now"
    },
    "button_link": {
      "type": "string",
      "label": "رابط الزر",
      "default": "/collections"
    },
    "image": {
      "type": "media",
      "label": "صورة البانر",
      "default": "qumra://banner.png"
    }
  },
  "presets": [
    {
      "category": "banners",
      "name": "banner photo with title",
      "settings": {
        "title": "spring_has_arrived",
        "subtitle": "change_your_look",
        "button_text": "order_now",
        "button_link": "/collections",
        "image": ""
      }
    }
  ]
}