{
  "name": "Hero Section",
  "description": "Hero section with background image and call to action",
  "category": "hero",
  "icon": "image",
  "settings": {
    "heroImage": {
      "type": "media",
      "label": "صورة الهيرو",
      "description": "قم بتعيين صورة الخلفية لقسم الهيرو",
      "default": ""
    },
    "mainTitle": {
      "type": "string",
      "label": "العنوان الرئيسي",
      "default": "hero_title_default",
      "description": "العنوان الرئيسي الذي يظهر في سكشن الهيرو"
    },
    "subtitle": {
      "type": "string",
      "label": "العنوان الفرعي",
      "default": "hero_subtitle_default",
      "description": "النص الفرعي الذي يظهر تحت العنوان الرئيسي"
    },
    "buttonText": {
      "type": "string",
      "label": "نص الزر",
      "default": "hero_button_text_default",
      "description": "النص الذي يظهر على زر الدعوة لاتخاذ إجراء"
    },
    "buttonLink": {
      "type": "string",
      "label": "رابط الزر",
      "default": "/collections",
      "description": "المسار الذي ينتقل إليه الزر"
    }
  },
  "presets": [
    {
      "category": "Home",
      "name": "hero",
      "settings": {
        "mainTitle": "hero_title_default",
        "subtitle": "hero_subtitle_default",
        "buttonText": "hero_button_text_default",
        "buttonLink": "/collections",
        "heroImage": ""
      }
    }
  ]
}