{
  "name": "Hero Section",
  "description": "Hero section with background image and call to action",
  "category": "hero",
  "icon": "image",
  "settings": {
    "banner_higth_lg": {
      "type": "number",
      "label": "ارتفاع البانر في الشاشات الكبيرة",
      "default": 600
    },
    "banner_higth_sm": {
      "type": "number",
      "label": "ارتفاع البانر في الشاشات الصغيرة",
      "default": 350
    },
     "image_lg": {
      "type": "media",
      "label": "صورة في الشاشات الكبيرة",
      "default": "qumra://banner.png"
    },
    "image_sm": {
      "type": "media",
      "label": "صورة في الشاشات الصغيرة",
      "default": "qumra://banner.png"
    },
    "title": {
      "type": "string",
      "label": "العنوان الرئيسي",
      "default": "spring_has_arrived"
    },
    "title_color": {
      "type": "color",
      "label": "لون العنوان الرئيسي",
      "default": "#ffffff"
    },
    "title_font_size": {
      "type": "number",
      "label": "حجم خط العنوان الرئيسي",
      "default": 40
    },
    "subtitle": {
      "type": "text",
      "label": "النص الفرعي",
      "default": "hero_subtitle_default"
    },
    "subtitle_color": {
      "type": "color",
      "label": "لون النص الفرعي",
      "default": "#ffffff"
    },
    "subtitle_font_size": {
      "type": "number",
      "label": "حجم خط النص الفرعي",
      "default": 18
    },
    "button_text": {
      "type": "string",
      "label": "نص الزر",
      "default": "order_now"
    },
    "button_bg_color": {
      "type": "color",
      "label": "خلفية الزر",
      "default": "transparent"
    },
    "button_text_color": {
      "type": "color",
      "label": "لون نص الزر",
      "default": "#ffffff"
    },
    "button_text_font_size": {
      "type": "number",
      "label": "حجم خط نص الزر",
      "default": 18
    },
    "button_link": {
      "type": "string",
      "label": "رابط الزر",
      "default": "/collections"
    }
  },
  "presets": [
    {
      "category": "Home",
      "name": "hero",
      "settings": {
        "title": "hero_title_default",
        "subtitle": "hero_subtitle_default",
        "button_text": "hero_button_text_default",
        "button_link": "/collections"
      }
    }
  ]
}