{
    "name": "Footer",
    "settings": {
        "logo": {
          "type": "image_picker",
          "label": "الشعار",
          "description": "قم بتحميل شعار الموقع"
        },
        "company_description": {
          "type": "textarea",
          "label": "وصف الشركة",
          "default": "نحن شركة متخصصة في [مجال الشركة]، نقدم لك أفضل المنتجات والخدمات بجودة عالية."
        },
        "collections": {
          "type": "collections",
          "label": "اقسام المعروضه في الفوتر",
          "default": "home-page"
        },
        "policy_links": {
          "type": "array",
          "label": "روابط السياسات",
          "items": {
            "type": "object",
            "properties": {
              "title": {
                "type": "string",
                "label": "عنوان الرابط"
              },
              "url": {
                "type": "string",
                "label": "رابط الرابط"
              }
            }
          },
          "default": [
            {
              "title": "سياسة الخصوصية",
              "url": "#"
            },
            {
              "title": "سياسة الاسترجاع",
              "url": "#"
            },
            {
              "title": "سياسة الشحن",
              "url": "#"
            },
            {
              "title": "شروط الاستخدام",
              "url": "#"
            }
          ]
        },
        "contact_phone": {
          "type": "string",
          "label": "رقم الهاتف",
          "default": "*********"
        },
        "contact_location": {
          "type": "string",
          "label": "العنوان",
          "default": "القاهرة، مصر"
        },
        "contact_email": {
          "type": "string",
          "label": "البريد الإلكتروني",
          "default": "info@minikid.com"
        },
        "facebook_link": {
          "type": "string",
          "label": "رابط فيسبوك",
          "default": "#"
        },
        "x_link": {
          "type": "string",
          "label": "رابط X (تويتر سابقًا)",
          "default": "#"
        },
        "instagram_link": {
          "type": "string",
          "label": "رابط انستجرام",
          "default": "#"
        },
        "snap_link": {
          "type": "string",
          "label": "رابط سناب",
          "default": "#"
        },
        "powered_text": {
          "type": "string",
          "label": "نص المشغل",
          "default": "قمرة . جميع الحقوق محفوظ"
        },
        "powered_logo": {
          "type": "media",
          "label": "لوجو المشغل",
          "default": "qumra://payment-methods.jpg"
        }
      }
      
      
}