{
    "name": "Footer",
    "settings": {
      "bg_color": {
        "type": "color",
        "label": "لون خلفية الفوتر",
        "default": "#000"
      },
      "text_color": {
        "type": "color",
        "label": "الوان الفوتر",
        "default": "#fff"
      },
        "logo": {
          "type": "image_picker",
          "label": "الشعار",
          "description": "قم بتحميل شعار الموقع"
        },
        "logo_higth_lg": {
          "type": "number",
          "label": "ارتفاع الشعار (ديسكتوب px)",
          "default": 40,
          "description": "حدد ارتفاع الشعار بالبيكسل لأجهزة الديسكتوب (اختياري: اتركه فارغًا للحجم الافتراضي)"
        },
        "logo_higth_sm": {
          "type": "number",
          "label": "ارتفاع الشعار (موبايل px)",
          "default": 29,
          "description": "حدد ارتفاع الشعار بالبيكسل لأجهزة الجوال (اختياري: اتركه فارغًا للحجم الافتراضي)"
        },
        "footer_height": {
          "type": "number",
          "label": "ارتفاع الفوتر (px)",
          "default": 100,
          "description": "حدد ارتفاع الفوتر بالبيكسل (اختياري: اتركه فارغًا للحجم الافتراضي)"
        },
        "app_description": {
          "type": "text",
          "label": "وصف الشركة",
          "default": "نحن شركة متخصصة في [مجال الشركة]، نقدم لك أفضل المنتجات والخدمات بجودة عالية."
        },
        "collections": {
          "type": "collections",
          "label": "اقسام المعروضه في الفوتر",
          "default": "home-page"
        },
        "policy_links": {
          "type": "array",
          "label": "روابط السياسات",
          "items": {
            "type": "object",
            "properties": {
              "title": {
                "type": "string",
                "label": "عنوان الرابط"
              },
              "url": {
                "type": "string",
                "label": "رابط الرابط"
              }
            }
          },
          "default": [
            {
              "title": "سياسة الخصوصية",
              "url": "#"
            },
            {
              "title": "سياسة الاسترجاع",
              "url": "#"
            },
            {
              "title": "سياسة الشحن",
              "url": "#"
            },
            {
              "title": "شروط الاستخدام",
              "url": "#"
            }
          ]
        },
        "show_contact_phone": {
          "type": "boolean",
          "label": "إظهار رقم الهاتف",
          "default": true
        },
        "contact_phone": {
          "type": "string",
          "label": "رقم الهاتف",
          "default": "*********"
        },
        "show_contact_location": {
          "type": "boolean",
          "label": "إظهار العنوان",
          "default": true
        },
        "contact_location": {
          "type": "string",
          "label": "العنوان",
          "default": "القاهرة، مصر"
        },
        "show_contact_email": {
          "type": "boolean",
          "label": "إظهار البريد الإلكتروني",
          "default": true
        },
        "contact_email": {
          "type": "string",
          "label": "البريد الإلكتروني",
          "default": "info@minikid.com"
        },
        "powered_text": {
          "type": "string",
          "label": "نص المشغل",
          "default": "قمرة . جميع الحقوق محفوظ"
        },
        "powered_logo": {
          "type": "media",
          "label": "لوجو المشغل",
          "default": "qumra://payment-methods.jpg"
        }
      },
      "blocks": {
        "social_media": {
          "name": "السوشيال ميديا",
          "settings": {
            "icon": {
              "type": "media",
              "label": "الايقونة المعبرة",
              "default": "",
              "description": "أضف أيقونة خاصة بمنصة أو وسيلة التواصل الاجتماعي"
            },
            "link": {
              "type": "path",
              "label": "رابط التوجية",
              "default": "/",
              "description": "أدخل رابط الصفحة أو الحساب على منصة التواصل الاجتماعي"
            }
          }
        }
      },
      "presets": [
        {
          "category": "Home",
          "name": "footer",
          "blocks": [
            {
              "block": "social_media",
              "name": "social_media",
              "settings": {
                "icon": "qumra://facebook.png",
                "link": "#"
              }
            },
            {
              "block": "social_media",
              "name": "social_media",
              "settings": {
                "icon": "qumra://insta.png",
                "link": "#"
              }
            },
            {
              "block": "social_media",
              "name": "social_media",
              "settings": {
                "icon": "qumra://x-twitter.png",
                "link": "#"
              }
            },
            {
              "block": "social_media",
              "name": "social_media",
              "settings": {
                "icon": "qumra://snap.png",
                "link": "#"
              }
            }
          ]
        }
      ]
      
}