{
  "name": "heder",
  "settings": {
    "bg_color_fixed": {
      "type": "color",
      "label": "لون خلفية الهيدر",
      "default": "#fff",
      "description": "لون خلفية الهيدر عندما تكون الصفحة في الأعلى"
    },
    "text_color_fixed": {
      "type": "color",
      "label": "لون نص الهيدر",
      "default": "#000",
      "description": "لون النص في الهيدر عندما تكون الصفحة في الأعلى"
    },
    "bg_color_scrolled": {
      "type": "color",
      "label": "لون خلفية الهيدر",
      "default": "#fff",
      "description": "لون خلفية الهيدر عند تمرير الصفحة للأسفل"
    },
    "text_color_scrolled": {
      "type": "color",
      "label": "لون نص الهيدر عند التمرير",
      "default": "#000",
      "description": "لون النص في الهيدر عند تمرير الصفحة للأسفل"
    },
    "bg_in_page": {
      "type": "color",
      "label": "لون خلفية الهيدر داخل الصفحات",
      "default": "#fff",
      "description": "لون الخلفية الذي يظهر للهيدر عندما تكون داخل صفحة غير رئيسية"
    },
    "text_color_in_page": {
      "type": "color",
      "label": "لون نص الهيدر داخل الصفحات",
      "default": "#000",
      "description": "لون النص في الهيدر عندما تكون داخل صفحة غير رئيسية"
    },
    "logo": {
      "type": "image_picker",
      "label": "الشعار",
      "description": "قم بتحميل شعار الموقع"
    },
    "search_placeholder": {
      "type": "string",
      "label": "نص البحث",
      "default": "search_placeholder",
      "description": "النص الذي يظهر في مربع البحث"
    },
    "mobile_search_placeholder": {
      "type": "string",
      "label": "نص البحث في الموبايل",
      "default": "mobile_search_placeholder",
      "description": "النص الذي يظهر في مربع البحث في الموبايل"
    },
    "show_wishlist": {
      "type": "checkbox",
      "label": "إظهار المفضلة",
      "default": true,
      "description": "إظهار أو إخفاء أيقونة المفضلة"
    },
    "show_cart": {
      "type": "checkbox",
      "label": "إظهار السلة",
      "default": true,
      "description": "إظهار أو إخفاء أيقونة السلة"
    },
    "show_user": {
      "type": "checkbox",
      "label": "إظهار الحساب",
      "default": true,
      "description": "إظهار أو إخفاء أيقونة الحساب"
    },
    "logo_higth_lg": {
      "type": "number",
      "label": "ارتفاع الشعار (ديسكتوب px)",
      "default": 40,
      "description": "حدد ارتفاع الشعار بالبيكسل لأجهزة الديسكتوب (اختياري: اتركه فارغًا للحجم الافتراضي)"
    },
    "logo_higth_sm": {
      "type": "number",
      "label": "ارتفاع الشعار (موبايل px)",
      "default": 29,
      "description": "حدد ارتفاع الشعار بالبيكسل لأجهزة الجوال (اختياري: اتركه فارغًا للحجم الافتراضي)"
    },
    "header_menu": {
      "type": "menu",
      "label": "Menu Text",
      "default": "header"
    }
  },
  "blocks": {
    "announcement": {
      "name": "إعلان",
      "settings": {
        "announcementText": {
          "type": "string",
          "label": "نص الإعلان",
          "default": "header_announcement_text",
          "description": "رسالة الإعلان أو النص التعريفي في شريط الهيدر"
        },
        "announcementLink": {
          "type": "path",
          "label": "رابط الإعلان",
          "default": "/collections",
          "description": "مسار التنقل أو الرابط المرتبط بالإعلان"
        }
      }
    }
  },
  "presets": [
    {
      "category": "Home",
      "name": "heder"
    }
  ]
}