{
  "name": "heder",
  "settings": {
    "logo": {
      "type": "image_picker",
      "label": "الشعار",
      "description": "قم بتحميل شعار الموقع"
    },
    "search_placeholder": {
      "type": "string",
      "label": "نص البحث",
      "default": "search_placeholder",
      "description": "النص الذي يظهر في مربع البحث"
    },
    "mobile_search_placeholder": {
      "type": "string",
      "label": "نص البحث في الموبايل",
      "default": "mobile_search_placeholder",
      "description": "النص الذي يظهر في مربع البحث في الموبايل"
    },
    "show_wishlist": {
      "type": "checkbox",
      "label": "إظهار المفضلة",
      "default": true,
      "description": "إظهار أو إخفاء أيقونة المفضلة"
    },
    "show_cart": {
      "type": "checkbox",
      "label": "إظهار السلة",
      "default": true,
      "description": "إظهار أو إخفاء أيقونة السلة"
    },
    "show_user": {
      "type": "checkbox",
      "label": "إظهار الحساب",
      "default": true,
      "description": "إظهار أو إخفاء أيقونة الحساب"
    },
    "wishlist_tooltip": {
      "type": "string",
      "label": "نص المفضلة",
      "default": "wishlist",
      "description": "النص الذي يظهر عند التمرير على أيقونة المفضلة"
    },
    "cart_tooltip": {
      "type": "string",
      "label": "نص السلة",
      "default": "cart",
      "description": "النص الذي يظهر عند التمرير على أيقونة السلة"
    },
    "user_tooltip": {
      "type": "string",
      "label": "نص الحساب",
      "default": "account",
      "description": "النص الذي يظهر عند التمرير على أيقونة الحساب"
    },
    "mobile_menu_text": {
      "type": "string",
      "label": "نص القائمة في الموبايل",
      "default": "more",
      "description": "النص الذي يظهر في القائمة الجانبية للموبايل"
    },
    "language_button_text": {
      "type": "string",
      "label": "نص زر اللغة",
      "default": "english",
      "description": "يمكن استخدامه كمفتاح ترجمة إذا احتجت لزر لغة منفصل"
    },
    "logo_height": {
      "type": "select",
      "label": "ارتفاع الشعار",
      "options": [
        {
          "value": "h-8",
          "label": "صغير (32px)"
        },
        {
          "value": "h-10",
          "label": "متوسط (40px)"
        },
        {
          "value": "h-12",
          "label": "كبير (48px)"
        },
        {
          "value": "h-16",
          "label": "أكبر (64px)"
        },
        {
          "value": "h-20",
          "label": "أكبر بكثير (80px)"
        }
      ],
      "default": "h-12",
      "description": "اختر ارتفاع الشعار المناسب"
    },
    "search_style": {
      "type": "select",
      "label": "نمط البحث",
      "options": [
        {
          "value": "rounded-full",
          "label": "مدور"
        },
        {
          "value": "rounded-lg",
          "label": "مستطيل بزوايا مدورة"
        },
        {
          "value": "rounded-none",
          "label": "مستطيل"
        }
      ],
      "default": "rounded-full",
      "description": "اختر نمط مربع البحث"
    },
    "header_menu": {
      "type": "menu",
      "label": "Menu Text",
      "default": "header"
    }
  },
  "blocks": {
    "announcement": {
      "name": "إعلان",
      "settings": {
        "announcementText": {
          "type": "string",
          "label": "نص الإعلان",
          "default": "header_announcement_text",
          "description": "رسالة الإعلان أو النص التعريفي في شريط الهيدر"
        },
        "announcementLink": {
          "type": "path",
          "label": "رابط الإعلان",
          "default": "/collections",
          "description": "مسار التنقل أو الرابط المرتبط بالإعلان"
        }
      }
    }
  },
  "presets": [
    {
      "category": "Home",
      "name": "heder"
    }
  ]
}