{
  "name": "collections",
  "description": "Page displaying collections with browse button",
  "settings": {
    "collections": {
      "type": "collections",
      "label": "Featured Collections"
    },
    "section_title": {
      "type": "string",
      "label": "Section Title",
      "default": "view_sections"
    },
    "view_all_link": {
      "type": "string",
      "label": "View All Link",
      "default": "#"
    }
  },
  "blocks": {
    "collectionItem": {
      "name": "collections",
      "settings": [
        {
          "id": "image",
          "type": "image_picker",
          "label": "Collection Image"
        },
        {
          "id": "name",
          "type": "text",
          "label": "Collection Name",
          "default": "collection_name"
        },
        {
          "id": "alt_text",
          "type": "text",
          "label": "Image Alt Text",
          "default": "collection_image"
        },
        {
          "id": "link",
          "type": "url",
          "label": "Collection Link",
          "default": "#"
        }
      ]
    }
  },
  "presets": [
    {
      "category": "Pages",
      "name": "Collections"
    }
  ]
}