{
  "name": "collections",
  "description": "Page displaying collections with browse button",
  "settings": {
    "collections": {
      "type": "collections",
      "label": "Featured Collections"
    },
    "section_title": {
      "type": "string",
      "label": "Section Title",
      "default": "view_sections"
    },
    "bg_image": {
      "type": "color",
      "label": "لون خلفية الصورة",
      "default": "#f4f4f4"
    },
    "bg_container": {
      "type": "color",
      "label": "لون خلفية الحاوية",
      "default": "#f4f4f4"
    },
    "card_border_radius": {
      "type": "boolean",
      "label": "حواف الكارد",
      "default": 16,
      "min": 0,
      "max": 40
    },
    "description_color": {
      "type": "color",
      "label": "لون وصف الكارد",
      "default": "#6b7280"
    },
    "description_size": {
      "type": "number",
      "label": "حجم وصف الكارد (px)",
      "default": 14
    },
    "button_bg_color": {
      "type": "color",
      "label": "لون خلفية الزر",
      "default": "#000"
    },
    "button_text_color": {
      "type": "color",
      "label": "لون نص الزر",
      "default": "#ffffff"
    },
    "button_text": {
      "type": "string",
      "label": "نص الزر",
      "default": "browse_now"
    },
    "button_padding_y": {
      "type": "number",
      "label": "Padding Y للزر",
      "default": 10,
      "min": 0,
      "max": 32
    },
    "image_size": {
      "type": "number",
      "label": "حجم الصورة (px)",
      "default": 227
    },
    "is_image_radius": {
      "type": "boolean",
      "label": "صورة دائرية",
      "default": false
    },
    "title_color": {
      "type": "color",
      "label": "لون العنوان",
      "default": "#333333"
    },
    "title_size": {
      "type": "number",
      "label": "حجم العنوان (px)",
      "default": 20
    },
    "rating_bg_color": {
      "type": "color",
      "label": "لون خلفية التقييم",
      "default": "#f4f4f4"
    },
    "rating_color": {
      "type": "color",
      "label": "لون التقييم",
      "default": "#ffbb00"
    },
    "cards_per_row_mobile": {
      "type": "number",
      "label": "عدد الكروت في الصف (شاشة صغيرة)",
      "default": 2,
      "min": 1,
      "max": 2
    },
    "cards_per_row_tablet": {
      "type": "number",
      "label": "عدد الكروت في الصف (شاشة متوسطة)",
      "default": 3,
      "min": 1,
      "max": 6
    },
    "cards_per_row_desktop": {
      "type": "number",
      "label": "عدد الكروت في الصف (شاشة كبيرة)",
      "default": 4,
      "min": 1,
      "max": 8
    }
  },
  "blocks": {
    "collectionItem": {
      "name": "collections",
      "settings": [
        {
          "id": "image",
          "type": "image_picker",
          "label": "Collection Image"
        },
        {
          "id": "name",
          "type": "text",
          "label": "Collection Name",
          "default": "collection_name"
        },
        {
          "id": "alt_text",
          "type": "text",
          "label": "Image Alt Text",
          "default": "collection_image"
        },
        {
          "id": "link",
          "type": "url",
          "label": "Collection Link",
          "default": "#"
        }
      ]
    }
  },
  "presets": [
    {
      "category": "Pages",
      "name": "Collections"
    }
  ]
}