{
  "name": "collections slider",
  "description": "قسم المجموعات والتصنيفات",
  "settings": {
    "collections": {
      "type": "collections",
      "label": "المجموعات المعروضة"
    },
    "section_title": {
      "type": "string",
      "label": "عنوان القسم",
      "default": "المجموعات"
    },
    "view_all_link": {
      "type": "string",
      "label": "رابط عرض الكل",
      "default": "/collections"
    }
  },
  "blocks": {
    "collectionItem": {
      "name": "collection",
      "settings": {
        "name": {
          "type": "string",
          "label": "عنوان المنشور",
          "description": "العنوان الذي يظهر فوق نص منشور المدونة"
        },
        "link": {
          "type": "string",
          "label": "وصف المنشور",
          "description": "وصف مختصر أسفل عنوان منشور المدونة"
        },
        "image": {
          "type": "media",
          "label": "صورة المنشور",
          "description": "قم برفع/اختيار صورة المنشور من البيلدر"
        }
      }
    }
  },
  "presets": [
    {
      "category": "blog slider",
      "name": "blog slider"
    }
  ]
}