{
  "name": "reviews slider",
  "description": "قسم آراء العملاء مع إمكانية إضافة آراء مخصصة",
  "settings": {
    "title": { 
      "type": "string", 
      "label": "العنوان", 
      "default": "customer_reviews"
    }
  },
  "blocks": {
    "reviewItem": {
      "name": "رأي عميل",
      "settings": {
        "name": {
          "type": "string",
          "label": "اسم العميل",
          "default": "review_1_name"
        },
        "days_work": {
          "type": "string",
          "label": "فترة الاستخدام",
          "default": "review_1_name"
        },
        "description": {
          "type": "text",
          "label": "نص الرأي",
          "default": "review_1_text"
        },
        "image": {
          "type": "media",
          "label": "صورة العميل",
          "default": ""
        },
        "stars": {
          "type": "number",
          "label": "عدد النجوم",
          "default": 5,
          "min": 1,
          "max": 5
        },
        "alt": {
          "type": "string",
          "label": "النص البديل للصورة",
          "default": "review_image_alt"
        }
      }
    }
  },
  "presets": [
    {
      "category": "sliders",
      "name": "reviews slider",
      "blocks": [
        {
          "block": "reviewItem",
          "name": "review 1",
          "settings": {
            "name": "review_1_name",
            "days_work": "days_work",
            "description": "review_1_text",
            "image": "qumra://Review1.png",
            "stars": 5.4,
            "alt": "review_image_alt"
          }
        },
        {
          "block": "reviewItem",
          "name": "review 2",
          "settings": {
            "name": "review_2_name",
            "days_work": "days_work",
            "description": "review_2_text",
            "image": "qumra://Review1.png",
            "stars": 4.4,
            "alt": "review_image_alt"
          }
        },
        {
          "block": "reviewItem",
          "name": "review 3",
          "settings": {
            "name": "review_3_name",
            "description": "review_3_text",
            "days_work": "days_work",
            "image": "qumra://Review1.png",
            "stars": 5.6,
            "alt": "review_image_alt"
          }
        },
        {
          "block": "reviewItem",
          "name": "review 1",
          "settings": {
            "name": "review_1_name",
            "days_work": "days_work",
            "description": "review_1_text",
            "image": "qumra://Review1.png",
            "stars": 5.4,
            "alt": "review_image_alt"
          }
        }
      ]
    }
  ]
}
