[
  {
    "label": {
      "ar": "إعدادات المظهر",
      "en": "Appearance Settings"
    },
    "settings": {
      "mainColor": {
        "type": "color",
        "label": "Main Color",
        "default": "#000000"
      }
    }
  },
  {
    "label": {
      "ar": "الخطوط",
      "en": "Fonts"
    },
    "settings": {
      "font_family": {
        "type": "select",
        "label": {
          "ar": "الخط",
          "en": "Font Family"
        },
        "options": [
          {
            "label": "Tajawal",
            "value": "tajawal"
          },
          {
            "label": "Cairo",
            "value": "cairo"
          },
          {
            "label": "IBM Plex Sans Arabic",
            "value": "ibm_plex_sans_arabic"
          }
        ],
        "default": "tajawal"
      }
    }
  }
]