{
  "layout": "layout",
  "title": "الصفحة الرئيسية",
  "widgets": [
    {
      "name": "Hero Section",
      "widget": "hero-section",
      "settings": {
        "mainTitle": "hero_title_default",
        "subtitle": "hero_subtitle_default",
        "buttonText": "hero_button_text_default",
        "buttonLink": "/collections",
        "heroImage": ""
      }
    },
    {
      "name": "Features Bar",
      "widget": "features-bar",
      "settings": {
        "background_color": "#000000",
        "text_color": "#ffffff",
        "border_color": "#374151",
        "show_border": true,
        "padding_y": "py-2",
        "layout": "grid-cols-2",
        "alignment": "justify-center"
      },
      "blocks": [
        {
          "block": "featureItem",
          "name": "feature 1",
          "settings": {
            "icon": "<i class='ph-light ph-package'></i>",
            "title": "feature_bar_free_shipping"
          }
        },
        {
          "block": "featureItem",
          "name": "feature 2",
          "settings": {
            "icon": "<i class='ph-light ph-thumbs-up'></i>",
            "title": "feature_bar_eco_friendly"
          }
        },
        {
          "block": "featureItem",
          "name": "feature 3",
          "settings": {
            "icon": "<i class='ph-light ph-star'></i>",
            "title": "feature_bar_high_rating"
          }
        },
        {
          "block": "featureItem",
          "name": "feature 4",
          "settings": {
            "icon": "<i class='ph-light ph-leaf'></i>",
            "title": "feature_bar_high_quality"
          }
        }
      ]
    },
    {
      "name": "collections slider",
      "widget": "collections-slider",
      "settings": {
        "section_title": "categories",
        "view_all_text": "view_all",
        "view_all_link": "/Category.html",
        "show_view_all": true,
        "title_color": "#333333",
        "link_color": "#6b7280",
        "card_border_color": "#e5e7eb",
        "card_hover_color": "#000000",
        "show_navigation": true,
        "autoplay": true,
        "autoplay_delay": 3000
      },
      "blocks": [
        {
          "block": "collectionItem",
          "name": "collection 1",
          "settings": {
            "image": "qumra://pic1.png",
            "name": "collections_slider_women",
            "link": "/collections"
          }
        },
        {
          "block": "collectionItem",
          "name": "collection 2",
          "settings": {
            "image": "qumra://pic2.png",
            "name": "collections_slider_kids",
            "link": "/collections"
          }
        },
        {
          "block": "collectionItem",
          "name": "collection 3",
          "settings": {
            "image": "qumra://pic3.png",
            "name": "collections_slider_men",
            "alt_text": "رجالي",
            "link": "/collections"
          }
        },
        {
          "block": "collectionItem",
          "name": "collection 4",
          "settings": {
            "image": "qumra://pic4.png",
            "name": "collections_slider_shoes",
            "link": "/collections"
          }
        },
        {
          "block": "collectionItem",
          "name": "collection 5",
          "settings": {
            "image": "qumra://pic5.png",
            "name": "collections_slider_sports",
            "link": "/collections"
          }
        },
        {
          "block": "collectionItem",
          "name": "collection 6",
          "settings": {
            "image": "qumra://pic6.png",
            "name": "collections_slider_seasonal",
            "link": "/collections"
          }
        },
        {
          "block": "collectionItem",
          "name": "collection 7",
          "settings": {
            "image": "qumra://pic1.png",
            "name": "collections_slider_women",
            "link": "/collections"
          }
        }
      ]
    },
    {
      "name": "Offers Section",
      "widget": "offers-slider",
      "settings": {
        "section_title": "offers",
        "view_all_text": "view_all",
        "view_all_link": "/collection/homepage",
        "show_view_all": true,
        "title_color": "#333333",
        "link_color": "#6b7280",
        "card_border_color": "#e5e7eb",
        "show_navigation": true,
        "autoplay": true,
        "autoplay_delay": 4000,
        "products_collection": "latest"
      }
    },
    {
      "name": "banner photo with title",
      "widget": "banner-section",
      "settings": {
        "title": "spring_has_arrived",
        "subtitle": "change_your_look",
        "button_text": "order_now",
        "button_link": "/collections",
        "image": "qumra://banner.png"
      }
    },
    {
      "name": "Features Section",
      "widget": "special-slider",
      "settings": {
        "section_title": "features_section",
        "view_all_text": "view_all",
        "view_all_link": "#",
        "show_view_all": true,
        "title_color": "#333333",
        "link_color": "#6b7280",
        "show_navigation": true,
        "autoplay": true,
        "autoplay_delay": 3000
      },
      "blocks": [
        {
          "block": "offerItem",
          "name": "special 1",
          "settings": {
            "image": "qumra://two.png",
            "link": "#",
            "title": "upper_clothing",
            "description": ""
          }
        },
        {
          "block": "offerItem",
          "name": "special 1",
          "settings": {
            "image": "qumra://three.png",
            "link": "#",
            "title": "upper_clothing",
            "description": ""
          }
        },
        {
          "block": "offerItem",
          "name": "special 1",
          "settings": {
            "image": "qumra://two.png",
            "link": "#",
            "title": "lower_clothing",
            "description": ""
          }
        },
        {
          "block": "offerItem",
          "name": "special 3",
          "settings": {
            "image": "qumra://three.png",
            "link": "#",
            "title": "accessories",
            "description": ""
          }
        }
      ]
    },
    {
      "name": "service slider",
      "widget": "service-features",
      "settings": {
        "section_title": "service_features"
      },
      "blocks": [
        {
          "block": "featureItem",
          "name": "feature 1",
          "settings": {
            "icon": "qumra://service1.png",
            "icon_class": "",
            "title": "service_feature_1_title",
            "description": "service_feature_1_desc"
          }
        },
        {
          "block": "featureItem",
          "name": "feature 2",
          "settings": {
            "icon": "qumra://service2.png",
            "icon_class": "",
            "title": "service_feature_2_title",
            "description": "service_feature_2_desc"
          }
        },
        {
          "block": "featureItem",
          "name": "feature 3",
          "settings": {
            "icon": "qumra://service3.png",
            "icon_class": "",
            "title": "service_feature_3_title",
            "description": "service_feature_3_desc"
          }
        },
        {
          "block": "featureItem",
          "name": "feature 4",
          "settings": {
            "icon": "qumra://service4.png",
            "icon_class": "",
            "title": "service_feature_4_title",
            "description": "service_feature_4_desc"
          }
        }
      ]
    },
    {
      "name": "reviews slider",
      "widget": "reviews-slider",
      "settings": {
        "title": "customer_reviews"
      },
      "blocks": [
        {
          "block": "reviewItem",
          "name": "review 1",
          "settings": {
            "name": "review_1_name",
            "days_work": "days_work",
            "description": "review_1_text",
            "image": "qumra://Review1.png",
            "stars": 5.4,
            "alt": "review_image_alt"
          }
        },
        {
          "block": "reviewItem",
          "name": "review 2",
          "settings": {
            "name": "review_2_name",
            "days_work": "days_work",
            "description": "review_2_text",
            "image": "qumra://Review1.png",
            "stars": 4.4,
            "alt": "review_image_alt"
          }
        },
        {
          "block": "reviewItem",
          "name": "review 3",
          "settings": {
            "name": "review_3_name",
            "description": "review_3_text",
            "days_work": "days_work",
            "image": "qumra://Review1.png",
            "stars": 5.6,
            "alt": "review_image_alt"
          }
        },
        {
          "block": "reviewItem",
          "name": "review 1",
          "settings": {
            "name": "review_1_name",
            "days_work": "days_work",
            "description": "review_1_text",
            "image": "qumra://Review1.png",
            "stars": 5.4,
            "alt": "review_image_alt"
          }
        }
      ]
    },
    {
      "name": "blog slider",
      "widget": "blog-slider",
      "settings": {
        "section_title": "منشورات المدونة",
        "view_all_text": "عرض الكل",
        "view_all_link": "/blog",
        "show_view_all": true,
        "title_color": "#333333",
        "link_color": "#6b7280",
        "card_background": "#ffffff",
        "show_hover_effect": true,
        "columns_mobile": "1",
        "columns_desktop": "3",
        "default_image_1": "qumra://blog1.png",
        "default_image_2": "qumra://blog2.png",
        "default_image_3": "qumra://blog3.png"
      },
     "blocks": [
        {
          "block": "blogPost",
          "name": "blog 1",
          "settings": {
            "title": "blog_title",
            "description": "blog_desc",
            "image": "qumra://blog1.png",
            "button_text": "view_more",
            "link": "#"
          }
        },
        {
          "block": "blogPost",
          "name": "blog 2",
          "settings": {
            "title": "blog_title",
            "description": "blog_desc",
            "image": "qumra://blog2.png",
            "button_text": "view_more",
            "link": "#"
          }
        },
        {
          "block": "blogPost",
          "name": "blog 3",
          "settings": {
            "title": "blog_title",
            "description": "blog_desc",
            "image": "qumra://blog3.png",
            "button_text": "view_more",
            "link": "#"
          }
        },
        {
          "block": "blogPost",
          "name": "blog 1",
          "settings": {
            "title": "blog_title",
            "description": "blog_desc",
            "image": "qumra://blog1.png",
            "button_text": "view_more",
            "link": "#"
          }
        }
      ]
    }
  ]
}