{
  "layout": "layout",
  "title": "الصفحة الرئيسية",
  "widgets": [
    {
      "name": "products",
      "widget": "products",
      "settings": {}
    },
    {
      "name": "banner photo with title",
      "widget": "banner-section",
      "settings": {
        "title": "spring_has_arrived",
        "subtitle": "change_your_look",
        "button_text": "order_now",
        "button_link": "/collections",
        "image": "qumra://banner.png"
      }
    }
  ]
}

